File,LOC,SLOC-P,SLOC-L,MVG,BLOC,C&SLOC,CLOC,CWORD,HCLOC,HCWORD
C:\Users\Ben\Desktop\Arbeit\__Bachelor\amenity\New\Amenity\com.amenity.dbserver\src\com\amenity\dbserver\Activator.java,71,35,29,2,19,0,17,39,0,0
C:\Users\Ben\Desktop\Arbeit\__Bachelor\amenity\New\Amenity\com.amenity.dbserver\src\com\amenity\dbserver\LocalDB.java,55,33,26,4,12,0,10,28,0,0
C:\Users\Ben\Desktop\Arbeit\__Bachelor\amenity\New\Amenity\com.amenity.engine\plugin.xml,7,5,0,0,2,0,0,0,0,0
C:\Users\Ben\Desktop\Arbeit\__Bachelor\amenity\New\Amenity\com.amenity.engine\src\com\amenity\engine\helper\compare\CompareViewObject.java,53,39,28,5,14,0,0,0,0,0
C:\Users\Ben\Desktop\Arbeit\__Bachelor\amenity\New\Amenity\com.amenity.engine\src\com\amenity\engine\helper\compare\MKSComparator.java,576,360,256,67,82,6,134,633,0,0
C:\Users\Ben\Desktop\Arbeit\__Bachelor\amenity\New\Amenity\com.amenity.engine\src\com\amenity\engine\helper\gui\ContainerContentProvider.java,64,48,31,10,16,0,0,0,0,0
C:\Users\Ben\Desktop\Arbeit\__Bachelor\amenity\New\Amenity\com.amenity.engine\src\com\amenity\engine\helper\gui\ContainerLabelProvider.java,18,14,10,3,4,0,0,0,0,0
C:\Users\Ben\Desktop\Arbeit\__Bachelor\amenity\New\Amenity\com.amenity.engine\src\com\amenity\engine\helper\gui\contentProvider\ComponentObjectTreeContentProvider.java,64,52,31,10,12,0,0,0,0,0
C:\Users\Ben\Desktop\Arbeit\__Bachelor\amenity\New\Amenity\com.amenity.engine\src\com\amenity\engine\helper\gui\contentProvider\ConnectionTreeContentProvider.java,68,50,31,10,14,0,4,13,0,0
C:\Users\Ben\Desktop\Arbeit\__Bachelor\amenity\New\Amenity\com.amenity.engine\src\com\amenity\engine\helper\gui\filter\FunctionAssigned.java,13,9,7,1,4,0,0,0,0,0
C:\Users\Ben\Desktop\Arbeit\__Bachelor\amenity\New\Amenity\com.amenity.engine\src\com\amenity\engine\helper\gui\filter\FunctionNotAssigned.java,15,11,8,3,4,0,0,0,0,0
C:\Users\Ben\Desktop\Arbeit\__Bachelor\amenity\New\Amenity\com.amenity.engine\src\com\amenity\engine\helper\gui\filter\NoFilter.java,11,8,6,1,3,0,0,0,0,0
C:\Users\Ben\Desktop\Arbeit\__Bachelor\amenity\New\Amenity\com.amenity.engine\src\com\amenity\engine\helper\gui\labelProvider\GenericNameLabelProvider.java,74,63,37,28,8,0,3,10,0,0
C:\Users\Ben\Desktop\Arbeit\__Bachelor\amenity\New\Amenity\com.amenity.engine\src\com\amenity\engine\helper\gui\labelProvider\SnapshotStyledLabelProvder.java,113,84,63,13,24,0,5,39,0,0
C:\Users\Ben\Desktop\Arbeit\__Bachelor\amenity\New\Amenity\com.amenity.engine\src\com\amenity\engine\helper\mks\MksGetFile.java,134,107,86,3,22,0,5,15,0,0
C:\Users\Ben\Desktop\Arbeit\__Bachelor\amenity\New\Amenity\com.amenity.engine\src\com\amenity\engine\helper\mks\MksLogin.java,102,85,69,9,15,0,2,5,0,0
C:\Users\Ben\Desktop\Arbeit\__Bachelor\amenity\New\Amenity\com.amenity.engine\src\com\amenity\engine\helper\mks\MksReader.java,687,259,210,41,44,2,384,1214,0,0
C:\Users\Ben\Desktop\Arbeit\__Bachelor\amenity\New\Amenity\com.amenity.engine\src\com\amenity\engine\helper\status\SessionStatus.java,26,19,15,4,7,0,0,0,0,0
C:\Users\Ben\Desktop\Arbeit\__Bachelor\amenity\New\Amenity\com.amenity.engine\src\com\amenity\engine\helper\synergy\SynergyGetFile.java,92,52,39,1,22,0,18,53,0,0
C:\Users\Ben\Desktop\Arbeit\__Bachelor\amenity\New\Amenity\com.amenity.engine\src\com\amenity\engine\helper\synergy\SynergyLogin.java,130,96,71,4,23,0,11,26,0,0
C:\Users\Ben\Desktop\Arbeit\__Bachelor\amenity\New\Amenity\com.amenity.engine\src\com\amenity\engine\helper\synergy\SynergyProject.java,40,32,23,3,8,0,0,0,0,0
C:\Users\Ben\Desktop\Arbeit\__Bachelor\amenity\New\Amenity\com.amenity.engine\src\com\amenity\engine\helper\synergy\SynergyReader.java,204,151,115,15,30,0,23,65,0,0
C:\Users\Ben\Desktop\Arbeit\__Bachelor\amenity\New\Amenity\com.amenity.model\plugin.xml,17,12,0,0,5,0,0,0,0,0
C:\Users\Ben\Desktop\Arbeit\__Bachelor\amenity\New\Amenity\com.amenity.model\bin\hibernate.cfg.xml,24,24,0,0,0,0,0,0,0,0
C:\Users\Ben\Desktop\Arbeit\__Bachelor\amenity\New\Amenity\com.amenity.model\model\hibernate.hbm.xml,540,539,0,0,1,24,0,24,0,0
C:\Users\Ben\Desktop\Arbeit\__Bachelor\amenity\New\Amenity\com.amenity.model\model\hibernate.hbm.xml_old,540,539,0,0,1,24,0,24,0,0
C:\Users\Ben\Desktop\Arbeit\__Bachelor\amenity\New\Amenity\com.amenity.model\src\hibernate.cfg.xml,24,24,0,0,0,0,0,0,0,0
C:\Users\Ben\Desktop\Arbeit\__Bachelor\amenity\New\Amenity\com.amenity.model\src\dao\ConnectionDao.java,33,9,8,0,6,1,18,46,2,2
C:\Users\Ben\Desktop\Arbeit\__Bachelor\amenity\New\Amenity\com.amenity.model\src\dao\ContainerDao.java,18,3,2,0,3,1,12,31,2,2
C:\Users\Ben\Desktop\Arbeit\__Bachelor\amenity\New\Amenity\com.amenity.model\src\dao\ContentObjectDao.java,61,10,9,0,9,1,42,112,2,2
C:\Users\Ben\Desktop\Arbeit\__Bachelor\amenity\New\Amenity\com.amenity.model\src\dao\DaoFactory.java,151,19,18,0,18,1,114,480,2,2
C:\Users\Ben\Desktop\Arbeit\__Bachelor\amenity\New\Amenity\com.amenity.model\src\dao\DaoPackage.java,1124,121,119,0,120,1,883,3283,2,2
C:\Users\Ben\Desktop\Arbeit\__Bachelor\amenity\New\Amenity\com.amenity.model\src\dao\EventDao.java,18,3,2,0,3,1,12,31,2,2
C:\Users\Ben\Desktop\Arbeit\__Bachelor\amenity\New\Amenity\com.amenity.model\src\dao\FileDao.java,18,3,2,0,3,1,12,31,2,2
C:\Users\Ben\Desktop\Arbeit\__Bachelor\amenity\New\Amenity\com.amenity.model\src\dao\FileFunctionStatusDao.java,29,6,5,0,5,1,18,50,2,2
C:\Users\Ben\Desktop\Arbeit\__Bachelor\amenity\New\Amenity\com.amenity.model\src\dao\FolderDao.java,29,6,5,0,5,1,18,47,2,2
C:\Users\Ben\Desktop\Arbeit\__Bachelor\amenity\New\Amenity\com.amenity.model\src\dao\FunctionDao.java,37,7,6,0,6,1,24,62,2,2
C:\Users\Ben\Desktop\Arbeit\__Bachelor\amenity\New\Amenity\com.amenity.model\src\dao\GeneralQueries.java,27,5,4,0,4,1,18,45,2,2
C:\Users\Ben\Desktop\Arbeit\__Bachelor\amenity\New\Amenity\com.amenity.model\src\dao\GenericDao.java,156,20,19,0,18,1,118,394,2,2
C:\Users\Ben\Desktop\Arbeit\__Bachelor\amenity\New\Amenity\com.amenity.model\src\dao\HibernateUtil.java,53,7,6,0,6,1,40,151,2,2
C:\Users\Ben\Desktop\Arbeit\__Bachelor\amenity\New\Amenity\com.amenity.model\src\dao\SnapshotDao.java,37,7,6,0,6,1,24,64,2,2
C:\Users\Ben\Desktop\Arbeit\__Bachelor\amenity\New\Amenity\com.amenity.model\src\dao\UserDao.java,27,5,4,0,4,1,18,47,2,2
C:\Users\Ben\Desktop\Arbeit\__Bachelor\amenity\New\Amenity\com.amenity.model\src\dao\impl\ConnectionDaoImpl.java,101,58,41,5,12,1,31,79,2,2
C:\Users\Ben\Desktop\Arbeit\__Bachelor\amenity\New\Amenity\com.amenity.model\src\dao\impl\ContainerDaoImpl.java,75,44,34,2,10,1,21,53,2,2
C:\Users\Ben\Desktop\Arbeit\__Bachelor\amenity\New\Amenity\com.amenity.model\src\dao\impl\ContentObjectDaoImpl.java,182,104,76,16,28,1,50,145,2,2
C:\Users\Ben\Desktop\Arbeit\__Bachelor\amenity\New\Amenity\com.amenity.model\src\dao\impl\DaoFactoryImpl.java,441,205,139,53,45,1,191,470,2,2
C:\Users\Ben\Desktop\Arbeit\__Bachelor\amenity\New\Amenity\com.amenity.model\src\dao\impl\DaoPackageImpl.java,713,281,251,29,124,1,308,896,2,2
C:\Users\Ben\Desktop\Arbeit\__Bachelor\amenity\New\Amenity\com.amenity.model\src\dao\impl\EventDaoImpl.java,40,13,9,1,6,1,21,53,2,2
C:\Users\Ben\Desktop\Arbeit\__Bachelor\amenity\New\Amenity\com.amenity.model\src\dao\impl\FileDaoImpl.java,88,57,44,7,10,1,21,53,2,2
C:\Users\Ben\Desktop\Arbeit\__Bachelor\amenity\New\Amenity\com.amenity.model\src\dao\impl\FileFunctionStatusDaoImpl.java,79,40,30,4,11,1,28,78,2,2
C:\Users\Ben\Desktop\Arbeit\__Bachelor\amenity\New\Amenity\com.amenity.model\src\dao\impl\FolderDaoImpl.java,112,76,59,11,10,1,26,66,2,2
C:\Users\Ben\Desktop\Arbeit\__Bachelor\amenity\New\Amenity\com.amenity.model\src\dao\impl\FunctionDaoImpl.java,79,36,27,2,12,1,31,79,2,2
C:\Users\Ben\Desktop\Arbeit\__Bachelor\amenity\New\Amenity\com.amenity.model\src\dao\impl\GeneralQueriesImpl.java,79,33,26,4,9,1,37,103,2,2
C:\Users\Ben\Desktop\Arbeit\__Bachelor\amenity\New\Amenity\com.amenity.model\src\dao\impl\GenericDaoImpl.java,395,198,147,24,35,2,162,484,2,2
C:\Users\Ben\Desktop\Arbeit\__Bachelor\amenity\New\Amenity\com.amenity.model\src\dao\impl\HibernateUtilImpl.java,246,123,88,14,28,1,95,309,2,2
C:\Users\Ben\Desktop\Arbeit\__Bachelor\amenity\New\Amenity\com.amenity.model\src\dao\impl\SnapshotDaoImpl.java,114,57,43,7,17,1,40,125,2,2
C:\Users\Ben\Desktop\Arbeit\__Bachelor\amenity\New\Amenity\com.amenity.model\src\dao\impl\UserDaoImpl.java,117,79,59,10,12,1,26,66,2,2
C:\Users\Ben\Desktop\Arbeit\__Bachelor\amenity\New\Amenity\com.amenity.model\src\dao\util\DaoAdapterFactory.java,337,129,77,35,26,1,182,1029,2,2
C:\Users\Ben\Desktop\Arbeit\__Bachelor\amenity\New\Amenity\com.amenity.model\src\dao\util\DaoSwitch.java,374,155,119,54,23,1,196,1131,2,2
C:\Users\Ben\Desktop\Arbeit\__Bachelor\amenity\New\Amenity\com.amenity.model\src\general\CheckInMilestone.java,128,12,11,0,11,1,105,459,2,2
C:\Users\Ben\Desktop\Arbeit\__Bachelor\amenity\New\Amenity\com.amenity.model\src\general\Connection.java,519,41,40,0,40,1,438,1915,2,2
C:\Users\Ben\Desktop\Arbeit\__Bachelor\amenity\New\Amenity\com.amenity.model\src\general\ConnectionType.java,234,67,46,14,22,2,145,480,2,2
C:\Users\Ben\Desktop\Arbeit\__Bachelor\amenity\New\Amenity\com.amenity.model\src\general\Container.java,298,25,24,0,24,1,249,1086,2,2
C:\Users\Ben\Desktop\Arbeit\__Bachelor\amenity\New\Amenity\com.amenity.model\src\general\ContentObject.java,288,25,24,0,23,1,240,1035,2,2
C:\Users\Ben\Desktop\Arbeit\__Bachelor\amenity\New\Amenity\com.amenity.model\src\general\DataSource.java,264,23,22,0,22,1,219,961,2,2
C:\Users\Ben\Desktop\Arbeit\__Bachelor\amenity\New\Amenity\com.amenity.model\src\general\documentType.java,1262,219,122,14,99,1,944,3467,2,2
C:\Users\Ben\Desktop\Arbeit\__Bachelor\amenity\New\Amenity\com.amenity.model\src\general\Event.java,192,17,16,0,16,1,159,680,2,2
C:\Users\Ben\Desktop\Arbeit\__Bachelor\amenity\New\Amenity\com.amenity.model\src\general\EventType.java,236,67,46,14,23,1,146,480,2,2
C:\Users\Ben\Desktop\Arbeit\__Bachelor\amenity\New\Amenity\com.amenity.model\src\general\File.java,162,15,14,0,14,1,133,563,2,2
C:\Users\Ben\Desktop\Arbeit\__Bachelor\amenity\New\Amenity\com.amenity.model\src\general\FileFunctionStatus.java,368,29,28,0,28,1,311,1383,2,2
C:\Users\Ben\Desktop\Arbeit\__Bachelor\amenity\New\Amenity\com.amenity.model\src\general\FileType.java,191,18,17,0,17,1,156,656,2,2
C:\Users\Ben\Desktop\Arbeit\__Bachelor\amenity\New\Amenity\com.amenity.model\src\general\Folder.java,51,6,5,0,5,1,40,152,2,2
C:\Users\Ben\Desktop\Arbeit\__Bachelor\amenity\New\Amenity\com.amenity.model\src\general\Function.java,245,22,21,0,21,1,202,851,2,2
C:\Users\Ben\Desktop\Arbeit\__Bachelor\amenity\New\Amenity\com.amenity.model\src\general\GeneralFactory.java,178,22,21,0,21,1,135,550,2,2
C:\Users\Ben\Desktop\Arbeit\__Bachelor\amenity\New\Amenity\com.amenity.model\src\general\GeneralPackage.java,4025,434,432,0,428,1,3163,12007,2,2
C:\Users\Ben\Desktop\Arbeit\__Bachelor\amenity\New\Amenity\com.amenity.model\src\general\Milestone.java,452,99,62,14,39,1,314,1034,2,2
C:\Users\Ben\Desktop\Arbeit\__Bachelor\amenity\New\Amenity\com.amenity.model\src\general\QualityCriteria.java,290,75,50,14,27,1,188,622,2,2
C:\Users\Ben\Desktop\Arbeit\__Bachelor\amenity\New\Amenity\com.amenity.model\src\general\SessionSatus.java,108,10,9,0,9,1,89,381,2,2
C:\Users\Ben\Desktop\Arbeit\__Bachelor\amenity\New\Amenity\com.amenity.model\src\general\Snapshot.java,191,18,17,0,17,1,156,651,2,2
C:\Users\Ben\Desktop\Arbeit\__Bachelor\amenity\New\Amenity\com.amenity.model\src\general\Task.java,163,15,14,0,14,1,134,564,2,2
C:\Users\Ben\Desktop\Arbeit\__Bachelor\amenity\New\Amenity\com.amenity.model\src\general\User.java,245,22,21,0,21,1,202,861,2,2
C:\Users\Ben\Desktop\Arbeit\__Bachelor\amenity\New\Amenity\com.amenity.model\src\general\UserList.java,53,7,6,0,6,1,40,146,2,2
C:\Users\Ben\Desktop\Arbeit\__Bachelor\amenity\New\Amenity\com.amenity.model\src\general\impl\CheckInMilestoneImpl.java,323,151,101,30,31,1,141,410,2,2
C:\Users\Ben\Desktop\Arbeit\__Bachelor\amenity\New\Amenity\com.amenity.model\src\general\impl\ConnectionImpl.java,1112,488,326,102,90,1,534,1596,2,2
C:\Users\Ben\Desktop\Arbeit\__Bachelor\amenity\New\Amenity\com.amenity.model\src\general\impl\ContainerImpl.java,679,302,205,58,56,1,321,955,2,2
C:\Users\Ben\Desktop\Arbeit\__Bachelor\amenity\New\Amenity\com.amenity.model\src\general\impl\ContentObjectImpl.java,626,281,193,53,52,1,293,869,2,2
C:\Users\Ben\Desktop\Arbeit\__Bachelor\amenity\New\Amenity\com.amenity.model\src\general\impl\DataSourceImpl.java,597,266,180,50,52,1,279,831,2,2
C:\Users\Ben\Desktop\Arbeit\__Bachelor\amenity\New\Amenity\com.amenity.model\src\general\impl\EventImpl.java,464,211,142,42,40,1,213,618,2,2
C:\Users\Ben\Desktop\Arbeit\__Bachelor\amenity\New\Amenity\com.amenity.model\src\general\impl\FileFunctionStatusImpl.java,757,338,232,66,62,1,357,1073,2,2
C:\Users\Ben\Desktop\Arbeit\__Bachelor\amenity\New\Amenity\com.amenity.model\src\general\impl\FileImpl.java,389,173,116,34,35,1,181,525,2,2
C:\Users\Ben\Desktop\Arbeit\__Bachelor\amenity\New\Amenity\com.amenity.model\src\general\impl\FileTypeImpl.java,416,177,121,32,38,1,201,590,2,2
C:\Users\Ben\Desktop\Arbeit\__Bachelor\amenity\New\Amenity\com.amenity.model\src\general\impl\FolderImpl.java,166,79,51,16,19,1,68,179,2,2
C:\Users\Ben\Desktop\Arbeit\__Bachelor\amenity\New\Amenity\com.amenity.model\src\general\impl\FunctionImpl.java,538,238,163,45,48,1,252,737,2,2
C:\Users\Ben\Desktop\Arbeit\__Bachelor\amenity\New\Amenity\com.amenity.model\src\general\impl\GeneralFactoryImpl.java,456,215,150,57,45,1,196,481,2,2
C:\Users\Ben\Desktop\Arbeit\__Bachelor\amenity\New\Amenity\com.amenity.model\src\general\impl\GeneralPackageImpl.java,1989,921,706,133,220,1,848,2197,2,2
C:\Users\Ben\Desktop\Arbeit\__Bachelor\amenity\New\Amenity\com.amenity.model\src\general\impl\SessionSatusImpl.java,272,116,77,21,26,1,130,378,2,2
C:\Users\Ben\Desktop\Arbeit\__Bachelor\amenity\New\Amenity\com.amenity.model\src\general\impl\SnapshotImpl.java,444,197,133,38,39,1,208,602,2,2
C:\Users\Ben\Desktop\Arbeit\__Bachelor\amenity\New\Amenity\com.amenity.model\src\general\impl\TaskImpl.java,409,187,125,38,36,1,186,533,2,2
C:\Users\Ben\Desktop\Arbeit\__Bachelor\amenity\New\Amenity\com.amenity.model\src\general\impl\UserImpl.java,534,231,160,40,48,1,255,755,2,2
C:\Users\Ben\Desktop\Arbeit\__Bachelor\amenity\New\Amenity\com.amenity.model\src\general\impl\UserListImpl.java,158,72,46,13,18,1,68,178,2,2
C:\Users\Ben\Desktop\Arbeit\__Bachelor\amenity\New\Amenity\com.amenity.model\src\general\util\GeneralAdapterFactory.java,391,150,89,41,29,1,212,1205,2,2
C:\Users\Ben\Desktop\Arbeit\__Bachelor\amenity\New\Amenity\com.amenity.model\src\general\util\GeneralSwitch.java,428,173,131,54,26,1,229,1309,2,2
C:\Users\Ben\Desktop\Arbeit\__Bachelor\amenity\New\Amenity\com.amenity.workbench\plugin.xml,428,425,0,0,3,0,0,0,0,0
C:\Users\Ben\Desktop\Arbeit\__Bachelor\amenity\New\Amenity\com.amenity.workbench\bin\META-INF\persistence.xml,28,28,0,0,0,0,0,0,0,0
C:\Users\Ben\Desktop\Arbeit\__Bachelor\amenity\New\Amenity\com.amenity.workbench\META-INF\persistence.xml,31,28,0,0,3,0,0,0,0,0
C:\Users\Ben\Desktop\Arbeit\__Bachelor\amenity\New\Amenity\com.amenity.workbench\src\com\amenity\workbench\Activator.java,106,60,49,3,18,1,28,77,0,0
C:\Users\Ben\Desktop\Arbeit\__Bachelor\amenity\New\Amenity\com.amenity.workbench\src\com\amenity\workbench\Application.java,65,45,34,10,11,0,9,22,0,0
C:\Users\Ben\Desktop\Arbeit\__Bachelor\amenity\New\Amenity\com.amenity.workbench\src\com\amenity\workbench\ApplicationActionBarAdvisor.java,23,8,6,0,6,0,9,62,0,0
C:\Users\Ben\Desktop\Arbeit\__Bachelor\amenity\New\Amenity\com.amenity.workbench\src\com\amenity\workbench\ApplicationWorkbenchAdvisor.java,31,19,13,2,8,0,4,9,0,0
C:\Users\Ben\Desktop\Arbeit\__Bachelor\amenity\New\Amenity\com.amenity.workbench\src\com\amenity\workbench\ApplicationWorkbenchWindowAdvisor.java,159,136,107,8,19,0,4,7,0,0
C:\Users\Ben\Desktop\Arbeit\__Bachelor\amenity\New\Amenity\com.amenity.workbench\src\com\amenity\workbench\Perspective.java,17,9,7,0,8,0,0,0,0,0
C:\Users\Ben\Desktop\Arbeit\__Bachelor\amenity\New\Amenity\com.amenity.workbench\src\com\amenity\workbench\SessionSourceProvider.java,88,58,48,4,18,0,12,46,0,0
C:\Users\Ben\Desktop\Arbeit\__Bachelor\amenity\New\Amenity\com.amenity.workbench\src\com\amenity\workbench\TEST.java,64,39,27,2,10,0,15,42,0,0
C:\Users\Ben\Desktop\Arbeit\__Bachelor\amenity\New\Amenity\com.amenity.workbench\src\com\amenity\workbench\dialogs\CreateFunctionDialog.java,88,58,46,2,15,0,15,42,0,0
C:\Users\Ben\Desktop\Arbeit\__Bachelor\amenity\New\Amenity\com.amenity.workbench\src\com\amenity\workbench\dialogs\LoginDialog.java,265,184,150,8,39,2,42,118,0,0
C:\Users\Ben\Desktop\Arbeit\__Bachelor\amenity\New\Amenity\com.amenity.workbench\src\com\amenity\workbench\dialogs\ModifyContainerDialog.java,97,67,52,2,15,0,15,42,0,0
C:\Users\Ben\Desktop\Arbeit\__Bachelor\amenity\New\Amenity\com.amenity.workbench\src\com\amenity\workbench\dialogs\RenameDialog.java,125,84,62,8,16,1,25,65,0,0
C:\Users\Ben\Desktop\Arbeit\__Bachelor\amenity\New\Amenity\com.amenity.workbench\src\com\amenity\workbench\dialogs\RenameTitleAreaDialog.java,116,87,66,8,14,1,15,45,0,0
C:\Users\Ben\Desktop\Arbeit\__Bachelor\amenity\New\Amenity\com.amenity.workbench\src\com\amenity\workbench\interfaces\IIconFactory.java,36,24,23,0,10,0,2,3,0,0
C:\Users\Ben\Desktop\Arbeit\__Bachelor\amenity\New\Amenity\com.amenity.workbench\src\com\amenity\workbench\preferencepage\SettingsPage1.java,47,38,24,0,9,0,0,0,0,0
C:\Users\Ben\Desktop\Arbeit\__Bachelor\amenity\New\Amenity\com.amenity.workbench\src\com\amenity\workbench\preferencepage\SettingsPage2.java,63,48,33,2,15,0,0,0,0,0
C:\Users\Ben\Desktop\Arbeit\__Bachelor\amenity\New\Amenity\com.amenity.workbench\src\com\amenity\workbench\preferencepage\SettingsPage3.java,40,25,16,1,10,0,5,20,0,0
C:\Users\Ben\Desktop\Arbeit\__Bachelor\amenity\New\Amenity\com.amenity.workbench\src\com\amenity\workbench\properties\SamplePropertyPage.java,126,91,76,4,22,0,13,46,0,0
C:\Users\Ben\Desktop\Arbeit\__Bachelor\amenity\New\Amenity\com.amenity.workbench\src\com\amenity\workbench\supporter\IconFactory.java,192,159,95,24,32,0,1,5,0,0
C:\Users\Ben\Desktop\Arbeit\__Bachelor\amenity\New\Amenity\com.amenity.workbench\src\com\amenity\workbench\supporter\ManageContainerLabelProvider.java,49,41,30,7,8,0,0,0,0,0
C:\Users\Ben\Desktop\Arbeit\__Bachelor\amenity\New\Amenity\com.amenity.workbench\src\com\amenity\workbench\supporter\classes\ContainerClass.java,48,37,26,4,11,0,0,0,0,0
C:\Users\Ben\Desktop\Arbeit\__Bachelor\amenity\New\Amenity\com.amenity.workbench\src\com\amenity\workbench\temp\Dao.java,45,24,20,1,13,0,8,16,0,0
C:\Users\Ben\Desktop\Arbeit\__Bachelor\amenity\New\Amenity\com.amenity.workbench\src\com\amenity\workbench\temp\Logon.java,41,30,24,1,11,0,0,0,0,0
C:\Users\Ben\Desktop\Arbeit\__Bachelor\amenity\New\Amenity\com.amenity.workbench\src\com\amenity\workbench\views\AssignFunctionsView.java,1037,760,577,96,176,0,101,397,0,0
C:\Users\Ben\Desktop\Arbeit\__Bachelor\amenity\New\Amenity\com.amenity.workbench\src\com\amenity\workbench\views\CompareSnapshotsView.java,275,222,183,6,43,0,10,28,0,0
C:\Users\Ben\Desktop\Arbeit\__Bachelor\amenity\New\Amenity\com.amenity.workbench\src\com\amenity\workbench\views\ContainerView.java,523,357,298,16,66,1,100,269,0,0
C:\Users\Ben\Desktop\Arbeit\__Bachelor\amenity\New\Amenity\com.amenity.workbench\src\com\amenity\workbench\views\EventLogView.java,23,13,7,0,8,0,2,8,0,0
C:\Users\Ben\Desktop\Arbeit\__Bachelor\amenity\New\Amenity\com.amenity.workbench\src\com\amenity\workbench\views\SetStatsView.java,25,13,7,0,10,0,2,8,0,0
C:\Users\Ben\Desktop\Arbeit\__Bachelor\amenity\New\Amenity\com.amenity.workbench\src\com\amenity\workbench\views\SideBar.java,328,244,189,15,52,0,32,148,0,0
C:\Users\Ben\Desktop\Arbeit\__Bachelor\amenity\New\Amenity\com.amenity.workbench\src\com\amenity\workbench\views\SnapshotView.java,620,488,385,43,76,2,56,166,0,0
C:\Users\Ben\Desktop\Arbeit\__Bachelor\amenity\New\Amenity\com.amenity.workbench\src\com\amenity\workbench\views\StartupView.java,185,112,91,4,37,1,36,107,0,0
C:\Users\Ben\Desktop\Arbeit\__Bachelor\amenity\New\Amenity\com.amenity.workbench\src\com\amenity\workbench\views\activities\ShowAssignFunctionsView.java,23,18,13,1,5,0,0,0,0,0
C:\Users\Ben\Desktop\Arbeit\__Bachelor\amenity\New\Amenity\com.amenity.workbench\src\com\amenity\workbench\views\activities\ShowCompareSnapshotsView.java,22,18,13,1,4,0,0,0,0,0
C:\Users\Ben\Desktop\Arbeit\__Bachelor\amenity\New\Amenity\com.amenity.workbench\src\com\amenity\workbench\views\activities\ShowContainerView.java,36,18,13,1,7,0,11,26,0,0
C:\Users\Ben\Desktop\Arbeit\__Bachelor\amenity\New\Amenity\com.amenity.workbench\src\com\amenity\workbench\views\activities\ShowEventLogView.java,23,18,13,1,5,0,0,0,0,0
C:\Users\Ben\Desktop\Arbeit\__Bachelor\amenity\New\Amenity\com.amenity.workbench\src\com\amenity\workbench\views\activities\ShowModulesView.java,23,18,13,1,5,0,0,0,0,0
C:\Users\Ben\Desktop\Arbeit\__Bachelor\amenity\New\Amenity\com.amenity.workbench\src\com\amenity\workbench\views\activities\ShowSetStatsView.java,23,18,13,1,5,0,0,0,0,0
C:\Users\Ben\Desktop\Arbeit\__Bachelor\amenity\New\Amenity\com.amenity.workbench\src\com\amenity\workbench\views\activities\ShowSnapshotView.java,23,18,13,1,5,0,0,0,0,0
C:\Users\Ben\Desktop\Arbeit\__Bachelor\amenity\New\Amenity\com.amenity.workbench\src\com\amenity\workbench\views\activities\ShowStartupView.java,24,19,14,1,5,0,0,0,0,0
C:\Users\Ben\Desktop\Arbeit\__Bachelor\amenity\New\Amenity\com.amenity.workbench\src\com\amenity\workbench\views\activities\WorkbenchView.java,24,18,13,1,6,0,0,0,0,0
C:\Users\Ben\Desktop\Arbeit\__Bachelor\amenity\New\Amenity\com.amenity.workbench\src\com\amenity\workbench\views\interfaces\IManageContainer.java,15,8,7,0,7,0,0,0,0,0
C:\Users\Ben\Desktop\Arbeit\__Bachelor\amenity\New\Amenity\com.amenity.workbench\src\com\amenity\workbench\views\interfaces\IStartupView.java,20,13,12,0,7,0,0,0,0,0
C:\Users\Ben\Desktop\Arbeit\__Bachelor\amenity\New\Amenity\com.amenity.workbench\src\com\amenity\workbench\views\interfaces\temp\ManageContainerImpl.java,29,18,11,3,8,0,3,12,0,0
C:\Users\Ben\Desktop\Arbeit\__Bachelor\amenity\New\Amenity\com.amenity.workbench\src\com\amenity\workbench\views\interfaces\temp\StartupViewImpl.java,69,47,29,9,16,0,6,31,0,0
C:\Users\Ben\Desktop\Arbeit\__Bachelor\amenity\New\Amenity\com.amenity.workbench\src\com\amenity\workbench\views\sidebar\ManageContainer.java,50,30,25,0,12,0,8,26,0,0
C:\Users\Ben\Desktop\Arbeit\__Bachelor\amenity\New\Amenity\com.amenity.workbench\src\com\amenity\workbench\wizards\addContainer\ContainerWizard.java,49,35,29,1,14,0,0,0,0,0
C:\Users\Ben\Desktop\Arbeit\__Bachelor\amenity\New\Amenity\com.amenity.workbench\src\com\amenity\workbench\wizards\addContainer\Page1.java,90,67,56,7,16,0,7,17,0,0
C:\Users\Ben\Desktop\Arbeit\__Bachelor\amenity\New\Amenity\com.amenity.workbench\src\com\amenity\workbench\wizards\addProjectSource\NewDataSoure.java,21,15,12,1,6,0,0,0,0,0
C:\Users\Ben\Desktop\Arbeit\__Bachelor\amenity\New\Amenity\com.amenity.workbench\src\com\amenity\workbench\wizards\addProjectSource\Page1.java,165,134,106,16,23,0,8,21,0,0
C:\Users\Ben\Desktop\Arbeit\__Bachelor\amenity\New\Amenity\com.amenity.workbench\src\com\amenity\workbench\wizards\addProjectSource\Page2_MKS.java,155,114,98,13,26,1,15,36,0,0
C:\Users\Ben\Desktop\Arbeit\__Bachelor\amenity\New\Amenity\com.amenity.workbench\src\com\amenity\workbench\wizards\addProjectSource\Page2_Synergy.java,174,134,108,9,27,0,13,31,0,0
C:\Users\Ben\Desktop\Arbeit\__Bachelor\amenity\New\Amenity\com.amenity.workbench\src\com\amenity\workbench\wizards\addProjectSource\Page3_MKS.java,163,125,104,4,24,0,14,39,0,0
C:\Users\Ben\Desktop\Arbeit\__Bachelor\amenity\New\Amenity\com.amenity.workbench\src\com\amenity\workbench\wizards\addProjectSource\Page3_Synergy.java,229,189,145,15,27,0,13,35,0,0
C:\Users\Ben\Desktop\Arbeit\__Bachelor\amenity\New\Amenity\com.amenity.workbench\src\com\amenity\workbench\wizards\addProjectSource\Page4.java,42,25,22,0,10,0,7,17,0,0
C:\Users\Ben\Desktop\Arbeit\__Bachelor\amenity\New\Amenity\com.amenity.workbench\src\com\amenity\workbench\wizards\addProjectSource\Page4_Synergy.java,28,15,12,0,6,0,7,17,0,0
C:\Users\Ben\Desktop\Arbeit\__Bachelor\amenity\New\Amenity\com.amenity.workbench\src\com\amenity\workbench\wizards\addProjectSource\ProjectWizard.java,140,102,82,20,29,0,9,21,0,0
C:\Users\Ben\Desktop\Arbeit\__Bachelor\amenity\New\Amenity\com.amenity.workbench\src\com\amenity\workbench\wizards\addSnapshot\Page1.java,257,191,154,14,43,0,23,62,0,0
C:\Users\Ben\Desktop\Arbeit\__Bachelor\amenity\New\Amenity\com.amenity.workbench\src\com\amenity\workbench\wizards\addSnapshot\SnapshotWizard.java,30,21,15,1,9,0,0,0,0,0
C:\Users\Ben\Desktop\Arbeit\__Bachelor\amenity\New\Amenity\com.amenity.workbench\src\com\amenity\workbench\wizards\addSnapshot\SnapshotWizardCommand.java,20,15,12,1,5,0,0,0,0,0
C:\Users\Ben\Desktop\Arbeit\__Bachelor\amenity\New\Amenity\com.amenity.workbench\src\META-INF\persistence.xml,28,28,0,0,0,0,0,0,0,0
C:\Users\Ben\Desktop\Arbeit\__Bachelor\amenity\New\Amenity\com.amenity.workbench\src\org\eclipse\wb\swt\ResourceManager.java,415,232,182,45,3,11,180,840,10,53
C:\Users\Ben\Desktop\Arbeit\__Bachelor\amenity\New\Amenity\com.amenity.workbench\src\org\eclipse\wb\swt\SWTResourceManager.java,447,229,179,39,3,5,215,942,10,53
