what,kind,bundleId,bundleVersion,description,time
started,bundle,org.eclipse.epp.usagedata.recording,1.3.1.R201106061540,"org.eclipse.epp.usagedata.recording",1330580732156
started,bundle,org.eclipse.m2e.discovery,1.0.100.20110804-1717,"org.eclipse.m2e.discovery",1330580732171
started,bundle,org.eclipse.epp.mpc.ui,1.1.1.I20110907-0947,"org.eclipse.epp.mpc.ui",1330580732203
started,bundle,org.eclipse.jsch.core,1.1.300.I20110514-0800,"org.eclipse.jsch.core",1330580732546
started,bundle,org.eclipse.team.cvs.core,3.3.400.I20110510-0800,"org.eclipse.team.cvs.core",1330580732546
started,bundle,org.eclipse.team.ui,3.6.100.I20110525-0800,"org.eclipse.team.ui",1330580732593
started,bundle,org.eclipse.ui.console,3.5.100.v20110511,"org.eclipse.ui.console",1330580732656
started,bundle,org.eclipse.team.cvs.ui,3.3.400.I20110510-0800,"org.eclipse.team.cvs.ui",1330580732843
deactivated,workbench,org.eclipse.ui.workbench,3.7.0.I20110519-0100,"",1330580740687
activated,workbench,org.eclipse.ui.workbench,3.7.0.I20110519-0100,"",1330580753781
closed,workbench,org.eclipse.ui.workbench,3.7.0.I20110519-0100,"",1330580753937
started,bundle,org.eclipse.core.filesystem,1.3.100.v20110423-0524,"org.eclipse.core.filesystem",1330580754359
started,bundle,org.eclipse.compare.core,3.5.200.I20110208-0800,"org.eclipse.compare.core",1330580754593
started,bundle,org.eclipse.compare,3.5.201.R37x_v20110817-0800,"org.eclipse.compare",1330580754609
stopped,bundle,org.eclipse.mylyn.ide.ant,3.6.0.v20110608-1400,"org.eclipse.mylyn.ide.ant",1330580755421
stopped,bundle,org.eclipse.jst.j2ee.xdoclet.runtime,1.1.300.v201004280700,"org.eclipse.jst.j2ee.xdoclet.runtime",1330580755421
stopped,bundle,org.eclipse.jst.j2ee.ejb.annotations.xdoclet,1.2.200.v201103302125,"org.eclipse.jst.j2ee.ejb.annotations.xdoclet",1330580755421
stopped,bundle,org.eclipse.jst.server.generic.jboss,1.6.1.v200904151730,"org.eclipse.jst.server.generic.jboss",1330580755421
stopped,bundle,org.eclipse.jst.server.generic.jonas,1.5.205.v200805140145,"org.eclipse.jst.server.generic.jonas",1330580755421
stopped,bundle,org.eclipse.jst.server.generic.oc4j,1.5.206.v20090812,"org.eclipse.jst.server.generic.oc4j",1330580755421
stopped,bundle,org.eclipse.jst.server.websphere.core,1.0.302.v20080620,"org.eclipse.jst.server.websphere.core",1330580755421
stopped,bundle,org.eclipse.jst.server.generic.ui,1.0.505.v20100428,"org.eclipse.jst.server.generic.ui",1330580755421
stopped,bundle,org.eclipse.jst.server.generic.core,1.0.700.v20101219,"org.eclipse.jst.server.generic.core",1330580755421
stopped,bundle,org.eclipse.datatools.connectivity.oda.template.ui,3.2.2.v201108260345,"org.eclipse.datatools.connectivity.oda.template.ui",1330580755421
stopped,bundle,org.eclipse.datatools.connectivity.ui.templates,1.0.0.v200906020553,"org.eclipse.datatools.connectivity.ui.templates",1330580755421
stopped,bundle,org.eclipse.datatools.sdk,1.7.0.v200906161850,"org.eclipse.datatools.sdk",1330580755421
stopped,bundle,org.eclipse.pde.ds.ui,1.0.100.v20110516,"org.eclipse.pde.ds.ui",1330580755421
stopped,bundle,org.eclipse.pde.ua.ui,1.0.100.v20110516,"org.eclipse.pde.ua.ui",1330580755421
stopped,bundle,org.eclipse.pde.ui.templates,3.4.400.v20110516,"org.eclipse.pde.ui.templates",1330580755421
stopped,bundle,org.eclipse.wb.rcp.SWT_AWT,1.1.0.r37x201109091215,"org.eclipse.wb.rcp.SWT_AWT",1330580755421
stopped,bundle,org.eclipse.wb.rcp.databinding.emf,1.1.0.r37x201109091152,"org.eclipse.wb.rcp.databinding.emf",1330580755421
stopped,bundle,org.eclipse.wb.rcp.databinding.xwt,1.1.0.r37x201109091200,"org.eclipse.wb.rcp.databinding.xwt",1330580755421
stopped,bundle,org.eclipse.wb.rcp.databinding,1.1.0.r37x201109091152,"org.eclipse.wb.rcp.databinding",1330580755421
stopped,bundle,org.eclipse.wb.rcp.nebula,1.1.0.r37x201109091152,"org.eclipse.wb.rcp.nebula",1330580755421
stopped,bundle,org.eclipse.wb.rcp.swing2swt,1.1.0.r37x201109091152,"org.eclipse.wb.rcp.swing2swt",1330580755421
stopped,bundle,org.eclipse.wb.xwt,1.1.0.r37x201109091200,"org.eclipse.wb.xwt",1330580755421
stopped,bundle,org.eclipse.wb.rcp,1.1.0.r37x201109091152,"org.eclipse.wb.rcp",1330580755421
stopped,bundle,org.eclipse.pde.api.tools.ui,1.0.301.v20110803_r371,"org.eclipse.pde.api.tools.ui",1330580755421
stopped,bundle,org.eclipse.pde.runtime,3.4.201.v20110819-0851,"org.eclipse.pde.runtime",1330580755421
stopped,bundle,org.eclipse.birt.report.debug.ui,3.7.1.v20110905,"org.eclipse.birt.report.debug.ui",1330580755421
stopped,bundle,org.eclipse.birt.chart.reportitem.ui,3.7.1.v20110905,"org.eclipse.birt.chart.reportitem.ui",1330580755421
stopped,bundle,org.eclipse.birt.report.item.crosstab.ui,3.7.1.v20110905,"org.eclipse.birt.report.item.crosstab.ui",1330580755421
stopped,bundle,org.eclipse.birt.report.designer.ui.ide,3.7.1.v20110905,"org.eclipse.birt.report.designer.ui.ide",1330580755421
stopped,bundle,org.jboss.tools.hibernate.xml.ui,3.4.0.v20111025-0625-H210-Final,"org.jboss.tools.hibernate.xml.ui",1330580755421
stopped,bundle,org.jboss.tools.common.model.ui,3.2.1.v20111025-0439-H174-Final,"org.jboss.tools.common.model.ui",1330580755421
stopped,bundle,org.jboss.tools.common.text.ext,3.2.1.v20111025-0439-H174-Final,"org.jboss.tools.common.text.ext",1330580755421
stopped,bundle,org.eclipse.pde.ui,3.6.100.v20110603,"org.eclipse.pde.ui",1330580755453
stopped,bundle,org.hibernate.eclipse.jdt.apt.ui,3.4.0.v20111025-0625-H210-Final,"org.hibernate.eclipse.jdt.apt.ui",1330580755453
stopped,bundle,org.hibernate.eclipse.jdt.ui,3.4.1.v20111025-0625-H210-Final,"org.hibernate.eclipse.jdt.ui",1330580755453
stopped,bundle,org.hibernate.eclipse.mapper,3.4.1.v20111025-0625-H210-Final,"org.hibernate.eclipse.mapper",1330580755453
stopped,bundle,org.jboss.tools.hibernate.jpt.ui,3.4.1.v20111025-0625-H210-Final,"org.jboss.tools.hibernate.jpt.ui",1330580755453
stopped,bundle,org.jboss.tools.hibernate.jpt.core,3.4.1.v20111025-0625-H210-Final,"org.jboss.tools.hibernate.jpt.core",1330580755453
stopped,bundle,org.jboss.tools.hibernate.ui,3.4.1.v20111025-0625-H210-Final,"org.jboss.tools.hibernate.ui",1330580755453
stopped,bundle,org.hibernate.eclipse.console,3.4.1.v20111025-0625-H210-Final,"org.hibernate.eclipse.console",1330580755453
stopped,bundle,org.jboss.tools.common.el.core,3.2.1.v20111025-0439-H174-Final,"org.jboss.tools.common.el.core",1330580755453
stopped,bundle,org.jboss.tools.common.resref.core,3.1.0.v20111025-0439-H174-Final,"org.jboss.tools.common.resref.core",1330580755453
stopped,bundle,org.jboss.tools.hibernate.xml,3.4.0.v20111025-0625-H210-Final,"org.jboss.tools.hibernate.xml",1330580755453
stopped,bundle,org.jboss.tools.common.model,3.2.1.v20111025-0439-H174-Final,"org.jboss.tools.common.model",1330580755453
stopped,bundle,org.eclipse.ant.ui,3.5.100.v20110510,"org.eclipse.ant.ui",1330580755453
stopped,bundle,org.eclipse.ant.launching,1.0.100.v20110506,"org.eclipse.ant.launching",1330580755453
stopped,bundle,org.eclipse.mylyn.java.tasks,3.6.0.v20110608-1400,"org.eclipse.mylyn.java.tasks",1330580755453
stopped,bundle,org.eclipse.mylyn.java.ui,3.6.0.v20110608-1400,"org.eclipse.mylyn.java.ui",1330580755453
stopped,bundle,org.eclipse.m2e.launching,1.0.100.20110804-1717,"org.eclipse.m2e.launching",1330580755453
stopped,bundle,com.google.gdt.eclipse.designer.UiBinder,2.4.2.r37x201110181239,"com.google.gdt.eclipse.designer.UiBinder",1330580755453
stopped,bundle,com.google.gdt.eclipse.designer.gpe,2.4.2.r37x201110181300,"com.google.gdt.eclipse.designer.gpe",1330580755453
stopped,bundle,com.google.gdt.eclipse.designer,2.4.2.r37x201110181239,"com.google.gdt.eclipse.designer",1330580755468
stopped,bundle,com.google.gdt.eclipse.appengine.rpc,2.4.2.relr37v201110112027,"com.google.gdt.eclipse.appengine.rpc",1330580755468
stopped,bundle,com.google.gdt.eclipse.maven.e37,2.4.2.relr37v201110112027,"com.google.gdt.eclipse.maven.e37",1330580755468
stopped,bundle,com.google.gdt.eclipse.gph.e36,2.4.2.relr37v201110112027,"com.google.gdt.eclipse.gph.e36",1330580755468
stopped,bundle,com.google.gdt.eclipse.gph.hge,2.4.2.relr37v201110112027,"com.google.gdt.eclipse.gph.hge",1330580755468
stopped,bundle,com.google.gdt.eclipse.gph.subclipse,2.4.2.relr37v201110112027,"com.google.gdt.eclipse.gph.subclipse",1330580755468
stopped,bundle,com.google.gdt.eclipse.gph.subversive,2.4.2.relr37v201110112027,"com.google.gdt.eclipse.gph.subversive",1330580755468
stopped,bundle,com.google.gdt.eclipse.gph,2.4.2.relr37v201110112027,"com.google.gdt.eclipse.gph",1330580755468
stopped,bundle,com.google.gdt.eclipse.maven,2.4.2.relr37v201110112027,"com.google.gdt.eclipse.maven",1330580755468
stopped,bundle,com.google.gdt.eclipse.suite,2.4.2.relr37v201110112027,"com.google.gdt.eclipse.suite",1330580755468
stopped,bundle,com.google.gwt.eclipse.oophm,2.4.2.relr37v201110112027,"com.google.gwt.eclipse.oophm",1330580755468
stopped,bundle,com.google.gwt.eclipse.sdkbundle,2.4.0.relr37v201110112027,"com.google.gwt.eclipse.sdkbundle",1330580755468
stopped,bundle,com.google.gwt.eclipse.core,2.4.2.relr37v201110112027,"com.google.gwt.eclipse.core",1330580755515
stopped,bundle,org.eclipse.jst.server.tomcat.ui,1.1.200.v20100418,"org.eclipse.jst.server.tomcat.ui",1330580755515
stopped,bundle,org.eclipse.jst.server.ui,1.1.202.v20110419,"org.eclipse.jst.server.ui",1330580755515
stopped,bundle,org.eclipse.jdt.junit,3.7.0.v20110505-0800,"org.eclipse.jdt.junit",1330580755515
stopped,bundle,org.eclipse.mylyn.bugzilla.ui,3.6.0.v20110608-1400,"org.eclipse.mylyn.bugzilla.ui",1330580755515
stopped,bundle,org.eclipse.mylyn.wikitext.tasks.ui,1.5.0.v20110608-1400,"org.eclipse.mylyn.wikitext.tasks.ui",1330580755515
stopped,bundle,org.eclipse.mylyn.wikitext.ui,1.5.0.v20110608-1400,"org.eclipse.mylyn.wikitext.ui",1330580755515
stopped,bundle,org.eclipse.jst.ws.axis.creation.ui,1.0.700.v201104070312,"org.eclipse.jst.ws.axis.creation.ui",1330580755515
stopped,bundle,org.eclipse.jst.ws.axis.consumption.ui,1.0.505.v201004211805,"org.eclipse.jst.ws.axis.consumption.ui",1330580755515
stopped,bundle,org.eclipse.jst.ws.axis2.creation.ui,1.0.104.v201004211805,"org.eclipse.jst.ws.axis2.creation.ui",1330580755515
stopped,bundle,org.eclipse.jst.ws.axis2.consumption.ui,1.0.103.v201004211805,"org.eclipse.jst.ws.axis2.consumption.ui",1330580755515
stopped,bundle,org.eclipse.jst.ws.axis2.creation.core,1.0.106.v201004211805,"org.eclipse.jst.ws.axis2.creation.core",1330580755515
stopped,bundle,org.eclipse.jst.ws.axis2.consumption.core,1.0.105.v201004211805,"org.eclipse.jst.ws.axis2.consumption.core",1330580755515
stopped,bundle,org.eclipse.jst.ws.creation.ui,1.0.609.v201103082016,"org.eclipse.jst.ws.creation.ui",1330580755515
stopped,bundle,org.eclipse.jst.ws.consumption.ui,1.1.401.v201108240414,"org.eclipse.jst.ws.consumption.ui",1330580755515
stopped,bundle,org.eclipse.jst.j2ee.webservice.ui,1.1.500.v201105122000,"org.eclipse.jst.j2ee.webservice.ui",1330580755515
stopped,bundle,org.eclipse.jst.j2ee.ejb.annotations.ui,1.1.200.v201004290730,"org.eclipse.jst.j2ee.ejb.annotations.ui",1330580755515
stopped,bundle,org.eclipse.jst.ejb.ui,1.1.600.v201104261451,"org.eclipse.jst.ejb.ui",1330580755515
stopped,bundle,org.eclipse.jst.servlet.ui,1.1.501.v201108220630,"org.eclipse.jst.servlet.ui",1330580755515
stopped,bundle,org.eclipse.jst.jee.ui,1.0.400.v201105122000,"org.eclipse.jst.jee.ui",1330580755515
stopped,bundle,org.eclipse.jst.j2ee.navigator.ui,1.1.501.v201107261503,"org.eclipse.jst.j2ee.navigator.ui",1330580755531
stopped,bundle,org.eclipse.wst.wsdl.ui,1.2.403.v201108240515,"org.eclipse.wst.wsdl.ui",1330580755531
stopped,bundle,org.eclipse.wst.wsi.ui,1.0.502.v201104071820,"org.eclipse.wst.wsi.ui",1330580755531
stopped,bundle,org.jboss.tools.common.text.xml,3.2.1.v20111025-0439-H174-Final,"org.jboss.tools.common.text.xml",1330580755531
stopped,bundle,org.eclipse.wst.dtd.ui,1.0.500.v201004290328,"org.eclipse.wst.dtd.ui",1330580755531
stopped,bundle,org.eclipse.m2e.refactoring,1.0.100.20110804-1717,"org.eclipse.m2e.refactoring",1330580755531
stopped,bundle,org.eclipse.m2e.editor,1.0.100.20110804-1717,"org.eclipse.m2e.editor",1330580755531
stopped,bundle,org.eclipse.m2e.editor.xml,1.0.100.20110804-1717,"org.eclipse.m2e.editor.xml",1330580755531
stopped,bundle,com.google.appengine.eclipse.sdkbundle,1.5.5.r37v201110112027,"com.google.appengine.eclipse.sdkbundle",1330580755531
stopped,bundle,com.google.gdt.eclipse.appsmarketplace,2.4.2.relr37v201110112027,"com.google.gdt.eclipse.appsmarketplace",1330580755531
stopped,bundle,com.google.appengine.eclipse.core,2.4.2.relr37v201110112027,"com.google.appengine.eclipse.core",1330580755531
stopped,bundle,com.google.gdt.eclipse.login,2.4.2.relr37v201110112027,"com.google.gdt.eclipse.login",1330580755531
stopped,bundle,com.google.gdt.eclipse.managedapis,2.4.2.relr37v201110112027,"com.google.gdt.eclipse.managedapis",1330580755531
stopped,bundle,com.google.gdt.eclipse.core,2.4.2.relr37v201110112027,"com.google.gdt.eclipse.core",1330580755531
stopped,bundle,com.google.gdt.eclipse.platform,2.4.2.relr37v201110112027,"com.google.gdt.eclipse.platform",1330580755531
stopped,bundle,com.google.gdt.eclipse.platform.e37,2.4.2.relr37v201110112027,"com.google.gdt.eclipse.platform.e37",1330580755531
stopped,bundle,org.eclipse.jst.jsf.facelet.ui,1.0.1.v201104032306,"org.eclipse.jst.jsf.facelet.ui",1330580755531
stopped,bundle,org.eclipse.jst.jsf.facesconfig.ui,1.2.2.v201103292152,"org.eclipse.jst.jsf.facesconfig.ui",1330580755531
stopped,bundle,org.eclipse.jst.jsf.ui,1.3.2.v201104251204,"org.eclipse.jst.jsf.ui",1330580755531
stopped,bundle,org.eclipse.jst.jsf.apache.trinidad.tagsupport,1.1.200.v201104061711,"org.eclipse.jst.jsf.apache.trinidad.tagsupport",1330580755531
stopped,bundle,org.eclipse.jst.pagedesigner.jsf.ui,1.2.100.v201104061711,"org.eclipse.jst.pagedesigner.jsf.ui",1330580755531
stopped,bundle,org.eclipse.jst.pagedesigner,1.3.103.v201109010833,"org.eclipse.jst.pagedesigner",1330580755531
stopped,bundle,org.eclipse.jst.jsp.ui,1.1.601.v201108151912,"org.eclipse.jst.jsp.ui",1330580755531
stopped,bundle,org.eclipse.wb.core.databinding.xml,1.2.0.r37x201109270326,"org.eclipse.wb.core.databinding.xml",1330580755531
stopped,bundle,org.eclipse.wb.core.xml,1.2.0.r37x201109270326,"org.eclipse.wb.core.xml",1330580755531
stopped,bundle,org.eclipse.jpt.jpa.ui,3.0.1.v201108080010,"org.eclipse.jpt.jpa.ui",1330580755531
stopped,bundle,org.eclipse.jst.j2ee.jca.ui,1.1.400.v201004150700,"org.eclipse.jst.j2ee.jca.ui",1330580755531
stopped,bundle,org.eclipse.jpt.ui,2.3.2.v201008252310,"org.eclipse.jpt.ui",1330580755531
stopped,bundle,org.eclipse.jst.j2ee.ui,1.1.501.v201108231700,"org.eclipse.jst.j2ee.ui",1330580755531
stopped,bundle,org.eclipse.wst.web.ui,1.1.400.v201004141630,"org.eclipse.wst.web.ui",1330580755531
stopped,bundle,org.eclipse.wst.html.ui,1.0.601.v201108152113,"org.eclipse.wst.html.ui",1330580755531
stopped,bundle,org.eclipse.wst.css.ui,1.0.600.v201103022054,"org.eclipse.wst.css.ui",1330580755531
stopped,bundle,org.eclipse.wst.xsl.jaxp.debug.ui,1.0.200.v201103081922,"org.eclipse.wst.xsl.jaxp.debug.ui",1330580755531
stopped,bundle,org.eclipse.wst.xsl.debug.ui,1.0.200.v201101281837,"org.eclipse.wst.xsl.debug.ui",1330580755531
stopped,bundle,org.eclipse.wst.xsl.exslt.ui,1.0.0.v201006012005,"org.eclipse.wst.xsl.exslt.ui",1330580755531
stopped,bundle,org.eclipse.wst.xsl.ui,1.1.200.v201103082057,"org.eclipse.wst.xsl.ui",1330580755531
stopped,bundle,com.google.gdt.eclipse.platform.e36,1.4.2.v201012211742,"com.google.gdt.eclipse.platform.e36",1330580755531
stopped,bundle,org.eclipse.wst.xml.xpath.ui,1.1.2.v201101212242,"org.eclipse.wst.xml.xpath.ui",1330580755531
stopped,bundle,org.eclipse.wst.xsd.ui,1.2.305.v201104132127,"org.eclipse.wst.xsd.ui",1330580755531
stopped,bundle,org.eclipse.wst.xml.ui,1.1.105.v201106142156,"org.eclipse.wst.xml.ui",1330580755531
stopped,bundle,org.eclipse.jpt.dbws.eclipselink.ui,1.0.0.v201104110000,"org.eclipse.jpt.dbws.eclipselink.ui",1330580755531
stopped,bundle,org.eclipse.wst.common.ui,1.1.500.v200911190730,"org.eclipse.wst.common.ui",1330580755531
stopped,bundle,org.eclipse.egit.mylyn.ui,1.1.0.201109151100-r,"org.eclipse.egit.mylyn.ui",1330580755531
stopped,bundle,org.eclipse.egit.ui,1.1.0.201109151100-r,"org.eclipse.egit.ui",1330580755531
stopped,bundle,org.eclipse.help.webapp,3.6.0.v20110518,"org.eclipse.help.webapp",1330580755531
stopped,bundle,org.eclipse.datatools.enablement.sybase.asa.schemaobjecteditor.examples,2.5.0.200810071,"org.eclipse.datatools.enablement.sybase.asa.schemaobjecteditor.examples",1330580755531
stopped,bundle,org.eclipse.datatools.sqltools.schemaobjecteditor.ui.pages,1.1.0.200810071,"org.eclipse.datatools.sqltools.schemaobjecteditor.ui.pages",1330580755531
stopped,bundle,org.eclipse.datatools.sqltools.schemaobjecteditor.ui,1.1.1.200810071,"org.eclipse.datatools.sqltools.schemaobjecteditor.ui",1330580755531
stopped,bundle,org.eclipse.jst.jsf.common.ui,1.2.100.v201104061711,"org.eclipse.jst.jsf.common.ui",1330580755531
stopped,bundle,org.eclipse.emf.teneo.orm.eclipse,1.0.0.v201202042153,"org.eclipse.emf.teneo.orm.eclipse",1330580755531
stopped,bundle,org.eclipse.emf.teneo.eclipse,1.1.2.v201202042153,"org.eclipse.emf.teneo.eclipse",1330580755531
stopped,bundle,org.eclipse.birt.report.designer.ui.editor.script,3.7.1.v20110905,"org.eclipse.birt.report.designer.ui.editor.script",1330580755531
stopped,bundle,org.eclipse.birt.report.designer.ui.editor.xml.wtp,3.7.1.v20110905,"org.eclipse.birt.report.designer.ui.editor.xml.wtp",1330580755531
stopped,bundle,org.eclipse.birt.report.designer.ui.lib.explorer,3.7.1.v20110905,"org.eclipse.birt.report.designer.ui.lib.explorer",1330580755531
stopped,bundle,org.eclipse.birt.report.designer.ui.lib,3.7.1.v20110905,"org.eclipse.birt.report.designer.ui.lib",1330580755531
stopped,bundle,org.eclipse.birt.report.designer.ui.editors.schematic,3.7.1.v20110905,"org.eclipse.birt.report.designer.ui.editors.schematic",1330580755531
stopped,bundle,org.eclipse.emf.cheatsheets,2.5.0.v20100521-1846,"org.eclipse.emf.cheatsheets",1330580755531
stopped,bundle,org.eclipse.ui.cheatsheets,3.4.100.v20110425,"org.eclipse.ui.cheatsheets",1330580755531
stopped,bundle,org.eclipse.epp.usagedata.ui,1.3.1.R201106061540,"org.eclipse.epp.usagedata.ui",1330580755531
stopped,bundle,org.eclipse.epp.mpc.ui,1.1.1.I20110907-0947,"org.eclipse.epp.mpc.ui",1330580755531
stopped,bundle,org.eclipse.ui.intro.universal,3.2.500.v20110510,"org.eclipse.ui.intro.universal",1330580755531
stopped,bundle,org.eclipse.ui.intro,3.4.100.v20110425,"org.eclipse.ui.intro",1330580755531
stopped,bundle,org.hibernate.eclipse.help,3.4.0.v20111025-0625-H210-Final,"org.hibernate.eclipse.help",1330580755546
stopped,bundle,org.eclipse.help.ui,3.5.101.r37_20110819,"org.eclipse.help.ui",1330580755546
stopped,bundle,org.eclipse.datatools.enablement.hsqldb.ui,1.0.0.v201108120600,"org.eclipse.datatools.enablement.hsqldb.ui",1330580755546
stopped,bundle,org.eclipse.datatools.enablement.ingres.ui,1.0.0.v201105270214,"org.eclipse.datatools.enablement.ingres.ui",1330580755546
stopped,bundle,org.eclipse.datatools.enablement.postgresql.ui,1.0.0.v200906020900,"org.eclipse.datatools.enablement.postgresql.ui",1330580755546
stopped,bundle,org.eclipse.datatools.enablement.sqlite.ui,1.0.0.v200906020900,"org.eclipse.datatools.enablement.sqlite.ui",1330580755546
stopped,bundle,org.eclipse.datatools.connectivity.db.generic.ui,1.0.1.v201004070709,"org.eclipse.datatools.connectivity.db.generic.ui",1330580755546
stopped,bundle,org.eclipse.birt.report.data.oda.jdbc.dbprofile.sampledb.ui,3.7.1.v20110905,"org.eclipse.birt.report.data.oda.jdbc.dbprofile.sampledb.ui",1330580755546
stopped,bundle,org.eclipse.datatools.connectivity.apache.derby.ui,1.0.3.v201007080903,"org.eclipse.datatools.connectivity.apache.derby.ui",1330580755546
stopped,bundle,org.eclipse.datatools.enablement.sybase.asa.ui,1.0.1.v200906111150,"org.eclipse.datatools.enablement.sybase.asa.ui",1330580755546
stopped,bundle,org.eclipse.datatools.enablement.sybase.ase.ui,1.0.1.v200906020900,"org.eclipse.datatools.enablement.sybase.ase.ui",1330580755546
stopped,bundle,org.eclipse.datatools.enablement.sybase.ui,1.0.0.v200906090458,"org.eclipse.datatools.enablement.sybase.ui",1330580755546
stopped,bundle,org.eclipse.datatools.sqltools.data.ui,1.2.1.v201010270945,"org.eclipse.datatools.sqltools.data.ui",1330580755546
stopped,bundle,org.eclipse.datatools.connectivity.sqm.server.ui,1.1.100.v201009280455,"org.eclipse.datatools.connectivity.sqm.server.ui",1330580755546
stopped,bundle,org.eclipse.datatools.sqltools.ddlgen.ui,1.0.1.v201002270530,"org.eclipse.datatools.sqltools.ddlgen.ui",1330580755546
stopped,bundle,org.eclipse.datatools.sqltools.db.derby.ui,1.0.0.v200906020900,"org.eclipse.datatools.sqltools.db.derby.ui",1330580755546
stopped,bundle,org.eclipse.datatools.sqltools.db.generic.ui,1.0.0.v200906020900,"org.eclipse.datatools.sqltools.db.generic.ui",1330580755546
stopped,bundle,org.eclipse.datatools.sqltools.debugger.core.ui,1.0.0.v201003161000,"org.eclipse.datatools.sqltools.debugger.core.ui",1330580755546
stopped,bundle,org.eclipse.datatools.sqltools.routineeditor.ui,1.0.1.v201004060545,"org.eclipse.datatools.sqltools.routineeditor.ui",1330580755546
stopped,bundle,org.eclipse.birt.report.data.oda.jdbc.dbprofile.ui,3.7.1.v20110905,"org.eclipse.birt.report.data.oda.jdbc.dbprofile.ui",1330580755546
stopped,bundle,org.eclipse.datatools.sqltools.sqlbuilder,1.0.3.v201009131745,"org.eclipse.datatools.sqltools.sqlbuilder",1330580755546
stopped,bundle,org.eclipse.datatools.sqltools.debugger.core,1.0.1.v201005250945,"org.eclipse.datatools.sqltools.debugger.core",1330580755546
stopped,bundle,org.eclipse.datatools.sqltools.sqlscrapbook,1.0.1.v201005250945,"org.eclipse.datatools.sqltools.sqlscrapbook",1330580755546
stopped,bundle,org.eclipse.datatools.sqltools.sqleditor,1.0.2.v201009230800,"org.eclipse.datatools.sqltools.sqleditor",1330580755546
stopped,bundle,org.eclipse.datatools.sqltools.editor.core.ui,1.0.0.v201001150815,"org.eclipse.datatools.sqltools.editor.core.ui",1330580755546
stopped,bundle,org.eclipse.datatools.sqltools.tabledataeditor,1.0.1.v201005250945,"org.eclipse.datatools.sqltools.tabledataeditor",1330580755546
stopped,bundle,org.eclipse.datatools.connectivity.sqm.core.ui,1.2.0.v201002281800,"org.eclipse.datatools.connectivity.sqm.core.ui",1330580755546
stopped,bundle,org.eclipse.datatools.connectivity.ui.dse,1.1.4.v201004270430,"org.eclipse.datatools.connectivity.ui.dse",1330580755546
stopped,bundle,org.eclipse.birt.report.designer.ui.preview.web,3.7.1.v20110905,"org.eclipse.birt.report.designer.ui.preview.web",1330580755546
stopped,bundle,org.eclipse.birt.report.viewer,3.7.1.v20110905,"org.eclipse.birt.report.viewer",1330580755546
stopped,bundle,org.eclipse.help.base,3.6.1.v201109091335,"org.eclipse.help.base",1330580755546
stopped,bundle,org.eclipse.jst.ws.axis2.ui,1.0.303.v201003110431,"org.eclipse.jst.ws.axis2.ui",1330580755546
stopped,bundle,org.eclipse.jst.ws.uddiregistry,1.0.500.v201004211805,"org.eclipse.jst.ws.uddiregistry",1330580755546
stopped,bundle,org.eclipse.jst.ws.ui,1.0.403.v201004211805,"org.eclipse.jst.ws.ui",1330580755546
stopped,bundle,org.eclipse.wst.ws.explorer,1.0.607.v201103082002,"org.eclipse.wst.ws.explorer",1330580755546
stopped,bundle,org.eclipse.equinox.http.jetty,2.0.100.v20110502,"org.eclipse.equinox.http.jetty",1330580755546
stopped,bundle,org.eclipse.wst.server.preview,1.1.100.v20091208,"org.eclipse.wst.server.preview",1330580755546
stopped,bundle,org.eclipse.m2e.discovery,1.0.100.20110804-1717,"org.eclipse.m2e.discovery",1330580755546
stopped,bundle,org.eclipse.m2e.jdt,1.0.100.20110804-1717,"org.eclipse.m2e.jdt",1330580755546
stopped,bundle,org.eclipse.m2e.logback.configuration,1.0.100.20110804-1717,"org.eclipse.m2e.logback.configuration",1330580755546
stopped,bundle,org.eclipse.m2e.usagedata,1.0.100.20110804-1717,"org.eclipse.m2e.usagedata",1330580755546
stopped,bundle,org.eclipse.m2e.core,1.0.100.20110804-1717,"org.eclipse.m2e.core",1330580755546
stopped,bundle,org.eclipse.m2e.core.ui,1.0.100.20110804-1717,"org.eclipse.m2e.core.ui",1330580755546
stopped,bundle,org.eclipse.rse.processes.ui,3.0.300.v201101042155,"org.eclipse.rse.processes.ui",1330580755546
stopped,bundle,org.eclipse.wst.jsdt.debug.rhino.ui,1.0.0.v201103232243,"org.eclipse.wst.jsdt.debug.rhino.ui",1330580755546
stopped,bundle,org.eclipse.wst.jsdt.debug.ui,1.0.100.v201103232243,"org.eclipse.wst.jsdt.debug.ui",1330580755546
stopped,bundle,org.eclipse.wst.jsdt.support.firefox,1.0.400.v201008112000,"org.eclipse.wst.jsdt.support.firefox",1330580755546
stopped,bundle,org.eclipse.wst.jsdt.ui,1.1.101.v201108151912,"org.eclipse.wst.jsdt.ui",1330580755546
stopped,bundle,org.eclipse.jst.server.preview.adapter,1.1.100.v20100308,"org.eclipse.jst.server.preview.adapter",1330580755546
stopped,bundle,org.eclipse.jdt.debug.ui,3.6.1.v20110803_r371,"org.eclipse.jdt.debug.ui",1330580755546
stopped,bundle,org.eclipse.jdt.apt.ui,3.3.300.v20110305-1450,"org.eclipse.jdt.apt.ui",1330580755546
stopped,bundle,com.google.gdt.eclipse.platform.shared,2.4.2.relr37v201110112027,"com.google.gdt.eclipse.platform.shared",1330580755546
stopped,bundle,org.eclipse.jpt.jpa.core,3.0.1.v201109073010,"org.eclipse.jpt.jpa.core",1330580755546
stopped,bundle,org.eclipse.jpt.jpa.db,2.0.0.v201105030000,"org.eclipse.jpt.jpa.db",1330580755546
stopped,bundle,org.eclipse.jpt.core,2.3.3.v201102172310,"org.eclipse.jpt.core",1330580755546
stopped,bundle,org.eclipse.jpt.db,1.2.202.v201010192330,"org.eclipse.jpt.db",1330580755546
stopped,bundle,org.eclipse.datatools.enablement.jdt.classpath,1.0.1.v201004070709,"org.eclipse.datatools.enablement.jdt.classpath",1330580755546
stopped,bundle,org.eclipse.jpt.common.ui,1.0.0.v201104120000,"org.eclipse.jpt.common.ui",1330580755546
stopped,bundle,org.eclipse.jst.common.annotations.ui,1.1.300.v201002081900,"org.eclipse.jst.common.annotations.ui",1330580755546
stopped,bundle,org.eclipse.jst.ws.jaxrs.ui,1.0.401.v201108230518,"org.eclipse.jst.ws.jaxrs.ui",1330580755546
stopped,bundle,org.eclipse.jst.common.project.facet.ui,1.4.200.v201008182133,"org.eclipse.jst.common.project.facet.ui",1330580755546
stopped,bundle,org.eclipse.jst.common.ui,1.0.100.v201105030440,"org.eclipse.jst.common.ui",1330580755546
stopped,bundle,org.eclipse.jst.j2ee.ejb.annotations.emitter,1.1.200.v200909290826,"org.eclipse.jst.j2ee.ejb.annotations.emitter",1330580755546
stopped,bundle,org.eclipse.jst.jsf.facelet.core,1.0.100.v201104191527,"org.eclipse.jst.jsf.facelet.core",1330580755546
stopped,bundle,org.eclipse.jst.jsf.standard.tagsupport,1.2.100.v201104061711,"org.eclipse.jst.jsf.standard.tagsupport",1330580755546
stopped,bundle,org.eclipse.jst.pagedesigner.jsp.core,1.2.0.v20100308,"org.eclipse.jst.pagedesigner.jsp.core",1330580755546
